<?xml version="1.0" encoding="UTF-8"?>
<suppressions xmlns="https://jeremylong.github.io/DependencyCheck/dependency-suppression.1.3.xsd">

  <!-- log4j-api only (no log4j-core present) -->
  <suppress>
    <notes>log4j-api present without log4j-core; these CVEs do not apply to this project.</notes>
    <packageUrl regex="true">^pkg:maven/org\.apache\.logging\.log4j/log4j-api@2\.12\.1$</packageUrl>
    <cve>CVE-2021-44228</cve>
    <cve>CVE-2021-45046</cve>
    <cve>CVE-2021-45105</cve>
    <cve>CVE-2021-44832</cve>
    <cve>CVE-2020-9488</cve>
  </suppress>

  <!-- JUnit / test-only -->
  <suppress>
    <notes>JUnit Vintage engine is test-only and excluded from the deployed runtime.</notes>
    <packageUrl regex="true">^pkg:maven/org\.junit\.vintage/junit-vintage-engine@.*$</packageUrl>
    <vulnerabilityName regex="true">.*</vulnerabilityName>
  </suppress>

  <!-- javax.servlet-api provided by container -->
  <suppress>
    <notes>javax.servlet-api is container-provided by embedded Tomcat at runtime.</notes>
    <packageUrl regex="true">^pkg:maven/javax\.servlet/javax\.servlet-api@.*$</packageUrl>
    <vulnerabilityName regex="true">.*</vulnerabilityName>
  </suppress>

  <!-- json-smart (transitive via JsonPath) -->
  <suppress>
    <notes>json-smart is used transitively; no user-supplied JSONPath is processed in this app.</notes>
    <packageUrl regex="true">^pkg:maven/net\.minidev/json-smart@2\.3$</packageUrl>
    <cve>CVE-2021-27568</cve>
    <cve>CVE-2021-31684</cve>
    <cve>CVE-2023-1370</cve>
  </suppress>

  <!-- accessors-smart (helper for json-smart) -->
  <suppress>
    <notes>accessors-smart is transitive; no untrusted JSONPath usage in this project.</notes>
    <packageUrl regex="true">^pkg:maven/net\.minidev/accessors-smart@1\.2$</packageUrl>
    <cve>CVE-2023-1370</cve>
  </suppress>

</suppressions>